{"cameraMode":{"drawMode":0,"name":"Shaded","section":"Shading Mode"},"sceneLighting":true,"audioPlay":false,"sceneViewState":{"m_AlwaysRefresh":false,"showFog":true,"showSkybox":true,"showFlares":true,"showImageEffects":true,"showParticleSystems":true,"showVisualEffectGraphs":true,"m_FxEnabled":true},"in2DMode":false,"pivot":{"x":1203.2296142578125,"y":1737.8939208984375,"z":-53.325531005859378},"rotation":{"x":-0.37680092453956606,"y":0.572325587272644,"z":-0.33288711309432986,"w":-0.6478248238563538},"size":13.608617782592774,"orthographic":false}